,proteinaA_proteinaB,SO_mani,SO_click
0,4BWP_A_4BWP_B,61.919999999999995,80.91
1,5FHX_H_5HCG_H,64.75999999999999,70.78
2,2ZMF_A_2ZMF_B,80.84,86.23
3,4PED_A_5I35_A,84.25,78.86
4,3SHP_A_3SHP_B,88.96,90.91
5,4RN3_A_4RN3_B,89.14,89.56
6,3EUC_A_3EUC_B,90.42,92.08
7,2XXZ_A_2XXZ_B,91.4,92.66
8,3E18_A_3E18_B,95.55,95.85
9,5UEB_A_5UEB_B,95.77,95.77
10,6BK4_A_6BK4_B,95.78999999999999,96.84
11,3OI8_A_3OI8_B,95.8,98.67
12,3FO5_A_3FO5_B,96.57,96.57
13,4CCG_X_4CCG_Y,97.00999999999999,97.01
14,3QQ6_A_3QQ6_B,97.06,97.06
15,3DOM_A_3DOM_C,97.26,97.26
16,3C5W_P_3C5V_A,97.28,98.64
17,3PHQ_B_3PHO_B,97.58,99.53
18,1Q40_B_1Q40_D,97.63,98.22
19,2IJ9_A_2IJ9_B,97.66,98.13
20,3KCN_A_3KCN_B,97.66,98.44
21,4RZK_A_4RZK_B,97.7,96.55
22,5X68_A_5X68_B,97.71,97.99
23,5EIP_A_5EIP_B,97.76,97.76
24,3ZZO_A_3ZZR_A,97.85000000000001,98.92
25,1P91_A_1P91_B,98.00999999999999,98.8
26,1W7P_A_1U5T_A,98.11999999999999,98.12
27,5B52_A_5B52_B,98.25,85.96
28,5U4Q_A_5U4Q_B,98.3,98.3
29,4HRV_A_4HRV_B,98.53,98.53
30,4F5C_E_4F5C_F,98.56,98.56
31,5IR0_A_5IR0_B,99.0,99.0
32,3MKY_B_3MKY_P,99.11999999999999,99.12
33,4ETV_A_4ETV_B,99.22999999999999,99.23
34,1USP_A_1USP_B,99.24,99.24
35,3FBK_A_3FBK_B,99.27,99.27
36,3HR6_A_3HTL_X,99.28,99.28
37,3AUW_B_3AUW_D,99.4,99.43
38,5EYB_A_5EYB_B,99.41,99.7
39,5YHU_A_5YHU_B,99.45,99.45
40,3I57_A_3I57_B,99.46000000000001,97.83
41,3S6I_A_3S6I_D,99.51,100.0
42,4Y2W_A_4Y2W_B,99.74,100.0
43,3IFR_A_3IFR_B,99.79,100.0
44,4PUC_A_4PUC_B,99.79,99.79
45,3H1Q_A_3H1Q_B,100.0,100.0
46,6BR8_A_6BR8_B,100.0,100.0
47,1XGY_L_1XGY_M,100.0,100.0
48,4ZI9_A_4ZI9_B,100.0,100.0
49,5DLM_H_5DLM_I,100.0,100.0
50,3RYK_A_3RYK_B,100.0,100.0
51,4EM8_A_4EM8_B,100.0,100.0
52,1G3N_C_1G3N_G,100.0,100.0
53,2BYC_A_2BYC_B,100.0,100.0
54,1BW0_A_1BW0_B,100.0,100.0
55,5UE7_A_5UE7_B,100.0,100.0
56,4S2S_H_4S2S_A,100.0,100.0
57,1WUF_A_1WUF_B,100.0,100.0
58,3RGH_A_3RGH_B,100.0,100.0
59,1EDZ_A_1EE9_A,100.0,100.0
60,3G14_A_3G14_B,100.0,100.0
61,3M8J_A_3M8J_B,100.0,100.0
62,2C2N_A_2C2N_B,100.0,100.0
63,4EX6_A_4EX7_A,100.0,100.0
64,5ZJG_B_5ZJG_D,100.0,100.0
65,2ZSI_B_2ZSH_B,100.0,100.0
66,2B5O_A_2B5O_B,100.0,100.0
67,1FFT_B_1FFT_G,100.0,100.0
68,3P1X_A_3P1X_B,100.0,100.0
69,5VG9_A_5V7P_A,100.0,100.0
70,3E4V_A_3E4V_B,100.0,100.0
71,4MZZ_A_4MZZ_B,100.0,100.0
72,1MIJ_A_1XPX_A,100.0,100.0
73,3FZY_A_3FZY_B,100.0,100.0
74,3ONL_C_3ONJ_A,100.0,100.0
75,2A7L_A_2A7L_B,100.0,100.0
76,5E27_A_5E27_B,100.0,100.0
77,3C4M_C_3C4M_D,100.0,100.0
78,6DFD_A_6DFD_B,100.0,100.0
79,5LEF_C_5LEF_D,100.0,100.0
80,3VV4_A_3VV4_B,100.0,100.0
81,1XX6_A_1XX6_B,100.0,100.0
82,1U08_A_1U08_B,100.0,100.0
83,2FA5_A_2FA5_B,100.0,100.0
84,5CA5_A_5CA5_B,100.0,100.0
85,6BAK_A_6BAF_A,100.0,100.0
86,3TEK_A_3TEK_B,100.0,100.0
87,2H1T_A_2H1T_B,100.0,100.0
88,5AX7_A_5AX7_B,100.0,100.0
89,5NA1_A_5NA4_A,100.0,100.0
90,5CWS_F_5CWS_L,100.0,100.0
91,4GCN_A_4GCN_B,100.0,100.0
92,5IZW_A_5IZW_B,100.0,100.0
93,5LKQ_A_5LKQ_B,100.0,100.0
94,2RIK_A_2RJM_A,100.0,100.0
95,1A0E_A_1A0E_D,100.0,100.0
